{
    "$schema": "http://json-schema.org/draft-06/schema#",
    "definitions": {
        "DemoInputViewConfiguration": {
            "title": "DemoInputViewConfiguration",
            "type": "object",
            "properties": {
                "disabled": {
                    "type": "boolean"
                },
                "headerText": {
                    "type": "string"
                },
                "label": {
                    "type": "string"
                },
                "showLoading": {
                    "type": "boolean"
                },
                "size": {
                    "enum": [
                        "large",
                        "medium",
                        "small"
                    ],
                    "type": "string"
                },
                "type": {
                    "enum": [
                        "email",
                        "number",
                        "password",
                        "text"
                    ],
                    "type": "string"
                }
            },
            "required": [
                "label"
            ]
        }
    },
    "type": "object",
    "properties": {
        "viewConfiguration": {
            "$ref": "#/definitions/DemoInputViewConfiguration"
        }
    },
    "required": [
        "viewConfiguration"
    ]
}