{
    "$schema": "http://json-schema.org/draft-06/schema#",
    "definitions": {
        "DemoColumnViewConfiguration": {
            "title": "DemoColumnViewConfiguration",
            "type": "object",
            "properties": {
                "content": {
                    "type": "string"
                },
                "disabled": {
                    "type": "boolean"
                },
                "headerText": {
                    "type": "string"
                },
                "showLoading": {
                    "type": "boolean"
                }
            },
            "required": [
                "content"
            ]
        }
    },
    "type": "object",
    "properties": {
        "viewConfiguration": {
            "$ref": "#/definitions/DemoColumnViewConfiguration"
        }
    },
    "required": [
        "viewConfiguration"
    ]
}