{
    "$schema": "http://json-schema.org/draft-06/schema#",
    "definitions": {
        "ExampleViewConfiguration": {
            "title": "ExampleViewConfiguration",
            "type": "object",
            "properties": {
                "content": {
                    "$ref": "/common#/definitions/ContentDescriptor"
                }
            }
        },
        "ExampleDataSource": {
            "title": "ExampleDataSource",
            "type": "object",
            "properties": {
                "user": {
                    "$ref": "#/definitions/User"
                },
                "balance": {
                    "type": "number"
                },
                "birthDate": {
                    "type": "string"
                }
            }
        },
        "User": {
            "title": "user",
            "type": "object",
            "properties": {
                "firstName": {
                    "type": "string"
                },
                "lastName": {
                    "type": "string"
                }
            }
        }
    },
    "type": "object",
    "properties": {
        "viewConfiguration": {
            "$ref": "#/definitions/ExampleViewConfiguration"
        },
        "dataSource": {
            "$ref": "#/definitions/ExampleDataSource"
        }
    },
    "required": [
        "viewConfiguration"
    ]
}