{
    "$schema": "http://json-schema.org/draft-06/schema#",
    "definitions": {
        "LabelValueListViewConfiguration": {
            "title": "LabelValueListViewConfiguration",
            "type": "object",
            "properties": {
                "list": {
                    "type": "array",
                    "items": {
                        "$ref": "#/definitions/LabelValue"
                    }
                },
                "template": {
                    "$ref": "#/definitions/Template"
                }
            }
        },
        "LabelValue": {
            "title": "LabelValue",
            "type": "object",
            "properties": {
                "label": {
                    "anyOf": [{
                            "type": "string"
                        },
                        {
                            "$ref": "/common#/definitions/ContentParams"
                        }
                    ]
                },
                "value": {
                    "type": "string"
                }
            },
            "required": [
                "value"
            ]
        },
        "Template": {
            "title": "LabelValue",
            "type": "object",
            "properties": {
                "iterator": {
                    "type": "string"
                },
                "data": {
                    "type": "string"
                },
                "keyName": {
                    "type": "string"
                },
                "labelPrefix": {
                    "type": "string"
                }
            }
        }
    },
    "type": "object",
    "properties": {
        "viewConfiguration": {
            "$ref": "#/definitions/LabelValueListViewConfiguration"
        }
    },
    "required": [
        "viewConfiguration"
    ]
}