{
    "env": "default",
    "server_port": 8080,
    "assetsPath": "./",
    "ssl": {
        "enabled": true,
        "options": {
            "key": "./config/localhost.key",
            "cert": "./config/localhost.cert"
        }
    },
    "integration": {
        "servers": [
            {
                "name": "sso",
                "url": "https://optima-sso-server:8190/auth"
            },
            {
                "name": "backend",
                "url": "https://localhost:3001"
            },
            {
                "name": "apiman",
                "url": "https://optima-apiman-gateway:8443"
            }
        ],
        "guestConfig": [
            {
                "tenantName": "tenant1",
                "clientSecret": "Not a real value. As if we were going to expose that kind of stuff in there?"
            }
        ]
    },
    "tenantConfiguration": [
        {
            "tenantName": "tenant1",
            "sso": {
                "guestConfig": {
                    "clientId": "selfcare-guest"
                }
            }
        }
    ],
    "logConfiguration": {
        "serverLogger": {
            "level": "warn",
            "folder": "logs",
            "fileName": "server.log",
            "datePattern": "yyyyMMdd ",
            "prepend": true,
            "colorize": true,
            "json": true,
            "formatLogs": true,
            "log2Console": true
        },
        "requestLogger": {
            "level": "warn",
            "folder": "logs",
            "fileName": "request-results.log",
            "datePattern": "yyyyMMdd ",
            "prepend": true,
            "json": true
        },
        "appLogger": {
            "level": "warn",
            "folder": "logs",
            "fileName": "app.log",
            "datePattern": "yyyyMMdd ",
            "prepend": true,
            "json": true,
            "formatLogs": true
        }
    },
    "proxies": [
        {
            "name": "backend",
            "enabled": true,
            "path": "/api",
            "options": {
                "target": "http://fake.backend.address:3001"
            }
        },
        {
            "name": "apiman",
            "path": "/rest",
            "enabled": false,
            "options": {
                "secure": false,
                "pathRewrite": {
                    "^/rest/v1/adjustments": "/apiman-gateway/Optima/adjustments/1.0",
                    "^/rest/v1/basket": "/apiman-gateway/Optima/basket/1.0",
                    "^/rest/v1/businesspackages": "/apiman-gateway/Optima/businesspackages/1.0",
                    "^/rest/v1/carts": "/apiman-gateway/Optima/carts/1.0",
                    "^/rest/v1/catalog": "/apiman-gateway/Optima/catalog/1.0",
                    "^/rest/v1/characteristicuses": "/apiman-gateway/Optima/characteristicuses/1.0",
                    "^/rest/v1/customeraccounts": "/apiman-gateway/Optima/customeraccounts/1.0",
                    "^/rest/v2/customeraccounts": "/apiman-gateway/Optima/v2customeraccounts/1.0",
                    "^/rest/v1/customerinteractiontasks": "/apiman-gateway/Optima/customerinteractiontasks/1.0",
                    "^/rest/v1/customerfacingservices": "/apiman-gateway/Optima/customerfacingservices/1.0",
                    "^/rest/v1/enumerations": "/apiman-gateway/Optima/enumerations/1.0",
                    "^/rest/v1/extendedattributes": "/apiman-gateway/Optima/extendedattributes/1.0",
                    "^/rest/v1/externalidtypes": "/apiman-gateway/Optima/externalidtypes/1.0",
                    "^/rest/v1/productofferings": "/apiman-gateway/Optima/productofferings/1.0",
                    "^/rest/v1/users": "/apiman-gateway/Optima/users/1.0"
                },
                "target": "https://fake.apiman.address:8443"
            }
        }
    ]
}