{
    "extends": [
        "./tslint.json"
    ],
    "rules": {
        "no-any": {
            "severity": "warning"
        },
        "no-empty-interface": {
            "severity": "warning"
        },
        "no-inferrable-types": {
            "severity": "warning"
        },
        "no-magic-numbers": {
            "severity": "warning"
        },
        "no-parameter-reassignment": {
            "severity": "warning"
        },
        "prefer-for-of": {
            "severity": "warning"
        },
        "typedef": {
            "options": [
                "call-signature",
                "arrow-call-signature",
                "parameter",
                "arrow-parameter",
                "property-declaration",
                "variable-declaration",
                "member-variable-declaration",
                "object-destructuring",
                "array-destructuring"
            ],
            "severity": "warning"
        },
        "no-bitwise": {
            "severity": "warning"
        },
        "no-console": {
            "options": [
                "log"
            ],
            "severity": "warning"
        },
        "no-empty": {
            "severity": "error"
        },
        "no-invalid-this": {
            "severity": "warning"
        },
        "no-null-keyword": {
            "severity": "warning"
        },
        "no-object-literal-type-assertion": {
            "severity": "warning"
        },
        "no-shadowed-variable": {
            "severity": "warning"
        },
        "no-string-throw": {
            "severity": "warning"
        },
        "no-switch-case-fall-through": {
            "severity": "warning"
        },
        "no-unused-expression": {
            "severity": "warning"
        },
        "prefer-conditional-expression": {
            "severity": "warning"
        },
        "prefer-object-spread": {
            "severity": "warning"
        },
        "radix": {
            "severity": "warning"
        },
        "switch-default": {
            "severity": "warning"
        },
        "use-isnan": {
            "severity": "warning"
        },
        "cyclomatic-complexity": {
            "options": [
                20
            ],
            "severity": "warning"
        },
        "eofline": {
            "severity": "warning"
        },
        "object-literal-sort-keys": {
            "severity": "off"
        },
        "prefer-const": {
            "severity": "warning"
        },
        "binary-expression-operand-order": {
            "severity": "warning"
        },
        "newline-before-return": {
            "severity": "warning"
        },
        "no-angle-bracket-type-assertion": {
            "severity": "warning"
        },
        "no-irregular-whitespace": {
            "severity": "warning"
        },
        "no-unnecessary-callback-wrapper": {
            "severity": "warning"
        },
        "no-unnecessary-initializer": {
            "severity": "warning"
        },
        "number-literal-format": {
            "severity": "warning"
        },
        "object-literal-key-quotes": {
            "options": [
                "as-needed"
            ],
            "severity": "warning"
        },
        "one-variable-per-declaration": {
            "severity": "warning"
        },
        "prefer-function-over-method": {
            "severity": "warning"
        },
        "prefer-switch": {
            "severity": "warning"
        },
        "prefer-template": {
            "severity": "warning"
        },
        "no-duplicate-imports": {
            "severity": "warning"
        },
        "no-string-literal": {
            "severity": "warning"
        },
        "curly": {
            "severity": "warning"
        },
        "chai-prefer-contains-to-index-of": false,
        "chai-vague-errors": false,
        "mocha-avoid-only": {
            "severity": "warning"
        },
        "mocha-unneeded-done": {
            "severity": "warning"
        },
        "mocha-no-side-effect-code": {
            "severity": "warning"
        },
        "no-empty-line-after-opening-brace": {
            "severity": "warning"
        },
        "no-for-in": {
            "severity": "warning"
        },
        "no-increment-decrement": false,
        "no-inner-html": {
            "severity": "warning"
        },
        "no-multiline-string": {
            "severity": "warning"
        },
        "no-single-line-block-comment": {
            "severity": "warning"
        },
        "no-suspicious-comment": {
            "severity": "warning"
        },
        "no-unnecessary-bind": {
            "severity": "warning"
        },
        "no-unused-variable": false,
        "no-unnecessary-local-variable": {
            "severity": "warning"
        },
        "no-useless-files": {
            "severity": "warning"
        },
        "react-this-binding-issue": {
            "severity": "warning"
        },
        "react-unused-props-and-state": {
            "severity": "warning"
        }
    }
}