{
    "rulesDirectory": [
        "node_modules/tslint-microsoft-contrib"
    ],
    "rules": {
        "class-name": true,
        "comment-format": {
            "options": [
                "check-space"
            ],
            "severity": "error"
        },
        "indent": [
            true,
            "spaces"
        ],
        "no-duplicate-imports": false,
        "curly": false,
        "no-duplicate-variable": true,
        "no-eval": true,
        "no-internal-module": true,
        "no-trailing-whitespace": true,
        "no-unsafe-finally": true,
        "no-var-keyword": true,
        "one-line": [
            true,
            "check-open-brace",
            "check-whitespace"
        ],
        "quotemark": [
            true,
            "single",
            "jsx-single"
        ],
        "semicolon": [
            true,
            "never"
        ],
        "triple-equals": [
            true,
            "allow-null-check"
        ],
        "typedef-whitespace": [
            true,
            {
                "call-signature": "nospace",
                "index-signature": "nospace",
                "parameter": "nospace",
                "property-declaration": "nospace",
                "variable-declaration": "nospace"
            }
        ],
        "variable-name": [
            true,
            "ban-keywords"
        ],
        "whitespace": [
            true,
            "check-branch",
            "check-decl",
            "check-operator",
            "check-separator",
            "check-type"
        ],
        "no-any": {
            "severity": "off"
        },
        "no-empty-interfaces": {
            "severity": "off"
        },
        "no-import-side-effect": true,
        "no-inferrable-types": {
            "severity": "off"
        },
        "no-magic-numbers": {
            "severity": "off"
        },
        "no-non-null-assertion": true,
        "no-parameter-reassignment": {
            "severity": "off"
        },
        "prefer-for-of": {
            "severity": "off"
        },
        "typedef": {
            "options": [
                "call-signature",
                "arrow-call-signature",
                "parameter",
                "arrow-parameter",
                "property-declaration",
                "variable-declaration",
                "member-variable-declaration",
                "object-destructuring",
                "array-destructuring"
            ],
            "severity": "off"
        },
        "unified-signatures": true,
        "label-position": true,
        "no-bitwise": {
            "severity": "off"
        },
        "no-console": {
            "options": [
                "log"
            ],
            "severity": "warning"
        },
        "no-construct": true,
        "no-debugger": true,
        "no-duplicate-super": true,
        "no-empty": {
            "severity": "off"
        },
        "no-invalid-template-strings": true,
        "no-invalid-this": {
            "severity": "off"
        },
        "no-misused-new": true,
        "no-null-keyword": {
            "severity": "off"
        },
        "no-object-literal-type-assertion": {
            "severity": "off"
        },
        "no-shadowed-variable": {
            "severity": "off"
        },
        "no-sparse-arrays": true,
        "no-string-throw": {
            "severity": "off"
        },
        "no-string-literal": false,
        "no-submodule-imports": false,
        "no-switch-case-fall-through": {
            "severity": "off"
        },
        "no-this-assignment": true,
        "no-unused-expression": {
            "severity": "off"
        },
        "prefer-conditional-expression": {
            "severity": "off"
        },
        "prefer-object-spread": {
            "severity": "off"
        },
        "radix": {
            "severity": "off"
        },
        "switch-default": {
            "severity": "off"
        },
        "use-isnan": {
            "severity": "off"
        },
        "cyclomatic-complexity": {
            "options": [
                20
            ],
            "severity": "off"
        },
        "eofline": {
            "severity": "off"
        },
        "object-literal-sort-keys": {
            "severity": "off"
        },
        "prefer-const": {
            "severity": "off"
        },
        "trailing-comma": true,
        "array-type": false,
        "arrow-parens": false,
        "arrow-return-shorthand": false,
        "binary-expression-operand-order": {
            "severity": "off"
        },
        "callable-types": true,
        "completed-docs": false,
        "encoding": true,
        "interface-over-type-literal": true,
        "jsdoc-format": false,
        "newline-before-return": {
            "severity": "off"
        },
        "new-parens": true,
        "no-angle-bracket-type-assertion": {
            "severity": "off"
        },
        "no-irregular-whitespace": {
            "severity": "off"
        },
        "no-parameter-properties": true,
        "no-reference-import": true,
        "no-unnecessary-callback-wrapper": {
            "severity": "off"
        },
        "no-unnecessary-initializer": {
            "severity": "off"
        },
        "number-literal-format": {
            "severity": "off"
        },
        "object-literal-key-quotes": {
            "options": [
                "as-needed"
            ],
            "severity": "off"
        },
        "one-variable-per-declaration": {
            "severity": "off"
        },
        "prefer-function-over-method": {
            "severity": "off"
        },
        "prefer-method-signature": false,
        "prefer-switch": {
            "severity": "off"
        },
        "prefer-template": false,
        "chai-prefer-contains-to-index-of": false,
        "chai-vague-errors": false,
        "mocha-avoid-only": {
            "severity": "off"
        },
        "mocha-unneeded-done": {
            "severity": "off"
        },
        "mocha-no-side-effect-code": {
            "severity": "off"
        },
        "no-disable-auto-sanitization": true,
        "no-document-write": true,
        "no-duplicate-switch-case": true,
        "no-empty-line-after-opening-brace": {
            "severity": "off"
        },
        "no-for-in": {
            "severity": "off"
        },
        "no-function-constructor-with-string-args": true,
        "no-increment-decrement": false,
        "no-inner-html": {
            "severity": "off"
        },
        "no-invalid-regexp": true,
        "no-multiline-string": {
            "severity": "off"
        },
        "no-single-line-block-comment": {
            "severity": "off"
        },
        "no-string-based-set-interval": true,
        "no-string-based-set-timeout": true,
        "no-suspicious-comment": {
            "severity": "off"
        },
        "no-unnecessary-bind": {
            "severity": "off"
        },
        "no-unused-variable": false,
        "no-unnecessary-local-variable": {
            "severity": "off"
        },
        "no-useless-files": {
            "severity": "off"
        },
        "promise-must-complete": true,
        "react-this-binding-issue": {
            "severity": "off"
        },
        "react-unused-props-and-state": {
            "severity": "off"
        }
    }
}