{
    "$schema": "http://json-schema.org/draft-06/schema#",
    "definitions": {
        "SwitchThemeViewConfiguration": {
            "title": "SwitchThemeViewConfiguration",
            "type": "object",
            "properties": {
                "theme": {
                    "type": "string"
                },
                "label": {
                    "type": "string"
                }
            }
        }
    },
    "type": "object",
    "properties": {
        "viewConfiguration": {
            "$ref": "#/definitions/SwitchThemeViewConfiguration"
        }
    },
    "required": [
        "viewConfiguration"
    ]
}