{
    "greeting": "hello {firstName} {lastName}",
    "Button.Label.Primary": "Button {labelDataSource}",
    "Button.Label.WithNotification": "Notification",
    "Button.Label.Notification": "Notification",
    "Button.Label.Secondary.Disabled": "Disabled",
    "Button.Label.Primary.Disabled": "Disabled",
    "Button.Label.Secondary": "Secondary",
    "Modal.Body": "This is the modal Body",
    "Modal.HeaderContent": "This is the extra text content in the header",
    "oform.first.name.placeholder": "First Name",
    "oform.first.name.label": "First Name {value}",
    "oform.first.name.default.value": "John",
    "oform.first.name.forceError.message": "Please enter the first name",
    "oform.last.name.placeholder": "Last Name",
    "oform.last.name.label": "Last Name {value}",
    "oform.last.name.forceError.message": "Please enter the last name",
    "oform.phone.number.placeholder": "Phone Number",
    "oform.phone.number.label": "Phone Number {value}",
    "oform.phone.number.forceError.message": "Please enter phone number",
    "oform.agree.label": "Agree to terms {value}",
    "oform.agree.forceError.message": "Please agree",
    "oform.notifications.label": "Receive notifications {value}",
    "oform.notifications.forceError.message": "Please switch",
    "oform.birthDate.label": "Birth date {value}",
    "oform.birthDate.placeholder": "DD/MM/YYY",
    "oform.birthDate.forceError.message": "Please enter date",
    "oform.gender.label": "Gender {value}",
    "oform.gender.forceError.message": "Please select gender",
    "oform.gender.male": "Male",
    "oform.gender.feMale": "FeMale",
    "oform.status.label": "Status {value}",
    "oform.status.forceError.message": "Please select status",
    "oform.submit.button": "Submit",
    "oform.submit.cancel": "Cancel",
    "Tab.Demo.Title1": "Demo Tab 1 count {count}",
    "Tab.Demo.Subtitle1": "Demo Subtitle count {count}",
    "Tab.Demo.Content1": "Demo Content {value}",
    "Tab.Demo.Title2": "Demo Tab 2 count {count}",
    "Tab.Demo.Subtitle2": "Demo Subtitle count {count}",
    "Tab.Demo.Content2": "Demo Content {value}",
    "Button.Label.TooltipTriggerButtonRight": "Hover to See Right Tooltip",
    "Button.Label.TooltipTriggerButtonTop": "Click to See Top Tooltip",
    "Button.Label.TooltipTriggerButtonLeft": "Hover to See Left Tooltip",
    "ConfigurableUI.TooltipOverlay.Text": "This is a tooltip with a parameter: {overlayData}",
    "Button.Label.ModalButton": "Open Modal",
    "Button.Label.ModalButtonFooter": "OK"
}