{
    "extends": [
        "./tslint.json"
    ],
    "rules": {
        "mocha-avoid-only": {
            "severity": "warning"
        },
        "no-unused-variable": false,
        "typedef": {
            "options": [
                "call-signature",
                "arrow-call-signature",
                "parameter",
                "arrow-parameter",
                "property-declaration",
                "variable-declaration",
                "member-variable-declaration",
                "object-destructuring",
                "array-destructuring"
            ],
            "severity": "off"
        }
    }
}