{
    "tenantName": "tenant2",
    "tenantId": 4,
    "localization": {
        "defaultLanguage": "en-US",
        "supportedLanguages": [
            "en-US",
            "en-GB",
            "fr-FR",
            "bg-BG"
        ]
    },
    "sso": {
        "enabled": true,
        "configuration": {
            "realm": "csr-ui_4",
            "clientId": "csr-web",
            "idleTimeout": 600000
        },
        "initOptions": {
            "flow": "implicit",
            "checkLoginIframe": false
        }
    },
    "restApiConfig": {
        "servers": {
            "apiman": {
                "baseUrl": "/apiman-gateway/Optima",
                "contractVersion": "1.0"
            }
        },
        "apis": {
            "getProductOfferingDetails": {
                "api": "productofferings",
                "contractVersion": "2.0"
            }
        }
    }
}