{
    "tenantName": "tenant1",
    "tenantId": 2,
    "localization": {
        "defaultLanguage": "en-US",
        "supportedLanguages": [
            "en-US",
            "en-GB",
            "fr-FR",
            "bg-BG"
        ]
    },
    "sso": {
        "enabled": true,
        "configuration": {
            "realm": "csr-ui_2",
            "clientId": "csr-web",
            "idleTimeout": 600000
        },
        "initOptions": {
            "flow": "implicit",
            "checkLoginIframe": false
        }
    }
}