{
    "$schema": "http://json-schema.org/draft-06/schema#",
    "definitions": {
        "ContentRepeaterViewConfiguration": {
            "title": "ContentRepeaterViewConfiguration",
            "type": "object",
            "properties": {
                "content": {
                    "$ref": "/common#/definitions/ContentParams"
                },
                "list": {
                    "type": "string"
                },
                "className": {
                    "type": "string"
                }
            }
        }
    },
    "type": "object",
    "properties": {
        "viewConfiguration": {
            "$ref": "#/definitions/ContentRepeaterViewConfiguration"
        }
    },
    "required": [
        "viewConfiguration"
    ]
}