{
    "code": 0,
    "response": [
        {
            "enumerationName": "GenericEnumeration",
            "enumerationData": [
                {
                    "keyData": [
                        {
                            "fieldName": "EnumerationKey",
                            "fieldValue": "package_status"
                        },
                        {
                            "fieldName": "Value",
                            "fieldValue": "1"
                        }
                    ],
                    "valueData": [
                        {
                            "fieldName": "DisplayValue",
                            "fieldValue": "Active"
                        },
                        {
                            "fieldName": "IsDefault",
                            "fieldValue": "false"
                        }
                    ]
                },
                {
                    "keyData": [
                        {
                            "fieldName": "EnumerationKey",
                            "fieldValue": "package_status"
                        },
                        {
                            "fieldName": "Value",
                            "fieldValue": "0"
                        }
                    ],
                    "valueData": [
                        {
                            "fieldName": "DisplayValue",
                            "fieldValue": "Inactive"
                        },
                        {
                            "fieldName": "IsDefault",
                            "fieldValue": "false"
                        }
                    ]
                },
                {
                    "keyData": [
                        {
                            "fieldName": "EnumerationKey",
                            "fieldValue": "package_status"
                        },
                        {
                            "fieldName": "Value",
                            "fieldValue": "2"
                        }
                    ],
                    "valueData": [
                        {
                            "fieldName": "DisplayValue",
                            "fieldValue": "Disconnected"
                        },
                        {
                            "fieldName": "IsDefault",
                            "fieldValue": "false"
                        }
                    ]
                },
                {
                    "keyData": [
                        {
                            "fieldName": "EnumerationKey",
                            "fieldValue": "tz_timezones"
                        },
                        {
                            "fieldName": "Value",
                            "fieldValue": "Europe\/Sofia"
                        }
                    ],
                    "valueData": [
                        {
                            "fieldName": "DisplayValue",
                            "fieldValue": "Europe\/Sofia"
                        },
                        {
                            "fieldName": "IsDefault",
                            "fieldValue": "false"
                        }
                    ]
                },
                {
                    "keyData": [
                        {
                            "fieldName": "EnumerationKey",
                            "fieldValue": "tz_timezones"
                        },
                        {
                            "fieldName": "Value",
                            "fieldValue": "Asia\/Singapore"
                        }
                    ],
                    "valueData": [
                        {
                            "fieldName": "DisplayValue",
                            "fieldValue": "Asia\/Singapore"
                        },
                        {
                            "fieldName": "IsDefault",
                            "fieldValue": "false"
                        }
                    ]
                },
                {
                    "keyData": [
                        {
                            "fieldName": "EnumerationKey",
                            "fieldValue": "tz_timezones"
                        },
                        {
                            "fieldName": "Value",
                            "fieldValue": "Europe\/London"
                        }
                    ],
                    "valueData": [
                        {
                            "fieldName": "DisplayValue",
                            "fieldValue": "Europe\/London"
                        },
                        {
                            "fieldName": "IsDefault",
                            "fieldValue": "false"
                        }
                    ]
                },
                {
                    "keyData": [
                        {
                            "fieldName": "EnumerationKey",
                            "fieldValue": "tz_timezones"
                        },
                        {
                            "fieldName": "Value",
                            "fieldValue": "Europe\/Prague"
                        }
                    ],
                    "valueData": [
                        {
                            "fieldName": "DisplayValue",
                            "fieldValue": "Europe\/Prague"
                        },
                        {
                            "fieldName": "IsDefault",
                            "fieldValue": "false"
                        }
                    ]
                },
                {
                    "keyData": [
                        {
                            "fieldName": "EnumerationKey",
                            "fieldValue": "tz_timezones"
                        },
                        {
                            "fieldName": "Value",
                            "fieldValue": "Asia\/Kolkata"
                        }
                    ],
                    "valueData": [
                        {
                            "fieldName": "DisplayValue",
                            "fieldValue": "Asia\/Kolkata"
                        },
                        {
                            "fieldName": "IsDefault",
                            "fieldValue": "false"
                        }
                    ]
                },
                {
                    "keyData": [
                        {
                            "fieldName": "EnumerationKey",
                            "fieldValue": "tz_timezones"
                        },
                        {
                            "fieldName": "Value",
                            "fieldValue": "Asia\/Manila"
                        }
                    ],
                    "valueData": [
                        {
                            "fieldName": "DisplayValue",
                            "fieldValue": "Asia\/Manila"
                        },
                        {
                            "fieldName": "IsDefault",
                            "fieldValue": "false"
                        }
                    ]
                },
                {
                    "keyData": [
                        {
                            "fieldName": "EnumerationKey",
                            "fieldValue": "tz_timezones"
                        },
                        {
                            "fieldName": "Value",
                            "fieldValue": "America\/Denver"
                        }
                    ],
                    "valueData": [
                        {
                            "fieldName": "DisplayValue",
                            "fieldValue": "America\/Denver"
                        },
                        {
                            "fieldName": "IsDefault",
                            "fieldValue": "false"
                        }
                    ]
                },
                {
                    "keyData": [
                        {
                            "fieldName": "EnumerationKey",
                            "fieldValue": "tz_timezones"
                        },
                        {
                            "fieldName": "Value",
                            "fieldValue": "America\/New_York"
                        }
                    ],
                    "valueData": [
                        {
                            "fieldName": "DisplayValue",
                            "fieldValue": "America\/New York"
                        },
                        {
                            "fieldName": "IsDefault",
                            "fieldValue": "false"
                        }
                    ]
                },
                {
                    "keyData": [
                        {
                            "fieldName": "EnumerationKey",
                            "fieldValue": "tz_timezones"
                        },
                        {
                            "fieldName": "Value",
                            "fieldValue": "Asia\/Ho_Chi_Minh"
                        }
                    ],
                    "valueData": [
                        {
                            "fieldName": "DisplayValue",
                            "fieldValue": "Asia\/Ho_Chi_Minh"
                        },
                        {
                            "fieldName": "IsDefault",
                            "fieldValue": "false"
                        }
                    ]
                },
                {
                    "keyData": [
                        {
                            "fieldName": "EnumerationKey",
                            "fieldValue": "tz_timezones"
                        },
                        {
                            "fieldName": "Value",
                            "fieldValue": "America\/Chicago"
                        }
                    ],
                    "valueData": [
                        {
                            "fieldName": "DisplayValue",
                            "fieldValue": "America\/Chicago"
                        },
                        {
                            "fieldName": "IsDefault",
                            "fieldValue": "false"
                        }
                    ]
                }
            ]
        }
    ],
    "totalCount": 10,
    "self": {
        "href": "https:\/\/10.0.0.11:8010\/rest\/v1\/enumerations?filters=EnumerationKey==tz_timezones&amp;enumerationlist=GenericEnumeration",
        "rel": "self"
    },
    "links": [],
    "message": "Success"
}