{
    "code": 0,
    "response": [
        {
            "enumerationName": "GuiIndicator",
            "enumerationData": [
                {
                    "keyData": [
                        {
                            "fieldName": "FieldName",
                            "fieldValue": "account_status"
                        },
                        {
                            "fieldName": "IntegerValue",
                            "fieldValue": "1"
                        },
                        {
                            "fieldName": "TableName",
                            "fieldValue": "CMF"
                        }
                    ],
                    "valueData": [
                        {
                            "fieldName": "DisplayValue",
                            "fieldValue": "DISC_REQ"
                        },
                        {
                            "fieldName": "IsDefault",
                            "fieldValue": "false"
                        }
                    ]
                },
                {
                    "keyData": [
                        {
                            "fieldName": "FieldName",
                            "fieldValue": "network_reason"
                        },
                        {
                            "fieldName": "IntegerValue",
                            "fieldValue": "20"
                        },
                        {
                            "fieldName": "TableName",
                            "fieldValue": "CMF"
                        }
                    ],
                    "valueData": [
                        {
                            "fieldName": "DisplayValue",
                            "fieldValue": "Active"
                        },
                        {
                            "fieldName": "IsDefault",
                            "fieldValue": "false"
                        }
                    ]
                },
                {
                    "keyData": [
                        {
                            "fieldName": "FieldName",
                            "fieldValue": "pay_method"
                        },
                        {
                            "fieldName": "IntegerValue",
                            "fieldValue": "4"
                        },
                        {
                            "fieldName": "TableName",
                            "fieldValue": "CMF"
                        }
                    ],
                    "valueData": [
                        {
                            "fieldName": "DisplayValue",
                            "fieldValue": "Debit Card"
                        },
                        {
                            "fieldName": "IsDefault",
                            "fieldValue": "false"
                        }
                    ]
                },
                {
                    "keyData": [
                        {
                            "fieldName": "FieldName",
                            "fieldValue": "account_status"
                        },
                        {
                            "fieldName": "IntegerValue",
                            "fieldValue": "0"
                        },
                        {
                            "fieldName": "TableName",
                            "fieldValue": "CMF"
                        }
                    ],
                    "valueData": [
                        {
                            "fieldName": "DisplayValue",
                            "fieldValue": "CURRENT"
                        },
                        {
                            "fieldName": "IsDefault",
                            "fieldValue": "false"
                        }
                    ]
                },
                {
                    "keyData": [
                        {
                            "fieldName": "FieldName",
                            "fieldValue": "pay_method"
                        },
                        {
                            "fieldName": "IntegerValue",
                            "fieldValue": "2"
                        },
                        {
                            "fieldName": "TableName",
                            "fieldValue": "CMF"
                        }
                    ],
                    "valueData": [
                        {
                            "fieldName": "DisplayValue",
                            "fieldValue": "Credit Card"
                        },
                        {
                            "fieldName": "IsDefault",
                            "fieldValue": "false"
                        }
                    ]
                },
                {
                    "keyData": [
                        {
                            "fieldName": "FieldName",
                            "fieldValue": "network_reason"
                        },
                        {
                            "fieldName": "IntegerValue",
                            "fieldValue": "21"
                        },
                        {
                            "fieldName": "TableName",
                            "fieldValue": "CMF"
                        }
                    ],
                    "valueData": [
                        {
                            "fieldName": "DisplayValue",
                            "fieldValue": "Suspended"
                        },
                        {
                            "fieldName": "IsDefault",
                            "fieldValue": "false"
                        }
                    ]
                },
                {
                    "keyData": [
                        {
                            "fieldName": "FieldName",
                            "fieldValue": "pay_method"
                        },
                        {
                            "fieldName": "IntegerValue",
                            "fieldValue": "1"
                        },
                        {
                            "fieldName": "TableName",
                            "fieldValue": "CMF"
                        }
                    ],
                    "valueData": [
                        {
                            "fieldName": "DisplayValue",
                            "fieldValue": "Check"
                        },
                        {
                            "fieldName": "IsDefault",
                            "fieldValue": "false"
                        }
                    ]
                },
                {
                    "keyData": [
                        {
                            "fieldName": "FieldName",
                            "fieldValue": "account_status"
                        },
                        {
                            "fieldName": "IntegerValue",
                            "fieldValue": "-2"
                        },
                        {
                            "fieldName": "TableName",
                            "fieldValue": "CMF"
                        }
                    ],
                    "valueData": [
                        {
                            "fieldName": "DisplayValue",
                            "fieldValue": "DISC_DONE"
                        },
                        {
                            "fieldName": "IsDefault",
                            "fieldValue": "false"
                        }
                    ]
                },
                {
                    "keyData": [
                        {
                            "fieldName": "FieldName",
                            "fieldValue": "network_reason"
                        },
                        {
                            "fieldName": "IntegerValue",
                            "fieldValue": "24"
                        },
                        {
                            "fieldName": "TableName",
                            "fieldValue": "CMF"
                        }
                    ],
                    "valueData": [
                        {
                            "fieldName": "DisplayValue",
                            "fieldValue": "Closed"
                        },
                        {
                            "fieldName": "IsDefault",
                            "fieldValue": "false"
                        }
                    ]
                },
                {
                    "keyData": [
                        {
                            "fieldName": "FieldName",
                            "fieldValue": "network_reason"
                        },
                        {
                            "fieldName": "IntegerValue",
                            "fieldValue": "25"
                        },
                        {
                            "fieldName": "TableName",
                            "fieldValue": "CMF"
                        }
                    ],
                    "valueData": [
                        {
                            "fieldName": "DisplayValue",
                            "fieldValue": "Pending"
                        },
                        {
                            "fieldName": "IsDefault",
                            "fieldValue": "false"
                        }
                    ]
                },
                {
                    "keyData": [
                        {
                            "fieldName": "FieldName",
                            "fieldValue": "account_status"
                        },
                        {
                            "fieldName": "IntegerValue",
                            "fieldValue": "-1"
                        },
                        {
                            "fieldName": "TableName",
                            "fieldValue": "CMF"
                        }
                    ],
                    "valueData": [
                        {
                            "fieldName": "DisplayValue",
                            "fieldValue": "NEW"
                        },
                        {
                            "fieldName": "IsDefault",
                            "fieldValue": "true"
                        }
                    ]
                },
                {
                    "keyData": [
                        {
                            "fieldName": "FieldName",
                            "fieldValue": "account_type"
                        },
                        {
                            "fieldName": "IntegerValue",
                            "fieldValue": "1"
                        },
                        {
                            "fieldName": "TableName",
                            "fieldValue": "CMF"
                        }
                    ],
                    "valueData": [
                        {
                            "fieldName": "DisplayValue",
                            "fieldValue": "Billed"
                        },
                        {
                            "fieldName": "IsDefault",
                            "fieldValue": "false"
                        }
                    ]
                },
                {
                    "keyData": [
                        {
                            "fieldName": "FieldName",
                            "fieldValue": "account_type"
                        },
                        {
                            "fieldName": "IntegerValue",
                            "fieldValue": "0"
                        },
                        {
                            "fieldName": "TableName",
                            "fieldValue": "CMF"
                        }
                    ],
                    "valueData": [
                        {
                            "fieldName": "DisplayValue",
                            "fieldValue": "Unbilled"
                        },
                        {
                            "fieldName": "IsDefault",
                            "fieldValue": "false"
                        }
                    ]
                },
                {
                    "keyData": [
                        {
                            "fieldName": "FieldName",
                            "fieldValue": "network_reason"
                        },
                        {
                            "fieldName": "IntegerValue",
                            "fieldValue": "22"
                        },
                        {
                            "fieldName": "TableName",
                            "fieldValue": "CMF"
                        }
                    ],
                    "valueData": [
                        {
                            "fieldName": "DisplayValue",
                            "fieldValue": "Terminated"
                        },
                        {
                            "fieldName": "IsDefault",
                            "fieldValue": "false"
                        }
                    ]
                },
                {
                    "keyData": [
                        {
                            "fieldName": "FieldName",
                            "fieldValue": "account_status"
                        },
                        {
                            "fieldName": "IntegerValue",
                            "fieldValue": "-3"
                        },
                        {
                            "fieldName": "TableName",
                            "fieldValue": "CMF"
                        }
                    ],
                    "valueData": [
                        {
                            "fieldName": "DisplayValue",
                            "fieldValue": "PENDING"
                        },
                        {
                            "fieldName": "IsDefault",
                            "fieldValue": "false"
                        }
                    ]
                },
                {
                    "keyData": [
                        {
                            "fieldName": "FieldName",
                            "fieldValue": "network_reason"
                        },
                        {
                            "fieldName": "IntegerValue",
                            "fieldValue": "23"
                        },
                        {
                            "fieldName": "TableName",
                            "fieldValue": "CMF"
                        }
                    ],
                    "valueData": [
                        {
                            "fieldName": "DisplayValue",
                            "fieldValue": "Disconnect Req"
                        },
                        {
                            "fieldName": "IsDefault",
                            "fieldValue": "false"
                        }
                    ]
                },
                {
                    "keyData": [
                        {
                            "fieldName": "FieldName",
                            "fieldValue": "pay_method"
                        },
                        {
                            "fieldName": "IntegerValue",
                            "fieldValue": "3"
                        },
                        {
                            "fieldName": "TableName",
                            "fieldValue": "CMF"
                        }
                    ],
                    "valueData": [
                        {
                            "fieldName": "DisplayValue",
                            "fieldValue": "Direct Debit"
                        },
                        {
                            "fieldName": "IsDefault",
                            "fieldValue": "false"
                        }
                    ]
                },
                {
                    "keyData": [
                        {
                            "fieldName": "FieldName",
                            "fieldValue": "authorization_flag"
                        },
                        {
                            "fieldName": "IntegerValue",
                            "fieldValue": "0"
                        },
                        {
                            "fieldName": "TableName",
                            "fieldValue": "ACCOUNT_BALANCES"
                        }
                    ],
                    "valueData": [
                        {
                            "fieldName": "DisplayValue",
                            "fieldValue": "Not real-time"
                        },
                        {
                            "fieldName": "IsDefault",
                            "fieldValue": "false"
                        }
                    ]
                },
                {
                    "keyData": [
                        {
                            "fieldName": "FieldName",
                            "fieldValue": "authorization_flag"
                        },
                        {
                            "fieldName": "IntegerValue",
                            "fieldValue": "1"
                        },
                        {
                            "fieldName": "TableName",
                            "fieldValue": "ACCOUNT_BALANCES"
                        }
                    ],
                    "valueData": [
                        {
                            "fieldName": "DisplayValue",
                            "fieldValue": "Real-time"
                        },
                        {
                            "fieldName": "IsDefault",
                            "fieldValue": "false"
                        }
                    ]
                },
                {
                    "keyData": [
                        {
                            "fieldName": "FieldName",
                            "fieldValue": "authorization_flag"
                        },
                        {
                            "fieldName": "IntegerValue",
                            "fieldValue": "3"
                        },
                        {
                            "fieldName": "TableName",
                            "fieldValue": "ACCOUNT_BALANCES"
                        }
                    ],
                    "valueData": [
                        {
                            "fieldName": "DisplayValue",
                            "fieldValue": "Real-time, preauthorized"
                        },
                        {
                            "fieldName": "IsDefault",
                            "fieldValue": "true"
                        }
                    ]
                }
            ]
        }
    ],
    "totalCount": 20,
    "self": {
        "href": "https:\/\/10.0.0.11:8010\/rest\/v1\/enumerations?filters=TableName==CMF&amp;enumerationlist=GuiIndicator",
        "rel": "self"
    },
    "links": [
        {
            "href": "https:\/\/10.0.0.11:8010\/rest\/v1\/enumerations?filters=TableName==CMF&amp;enumerationlist=GuiIndicator&amp;page=2&amp;limit=10",
            "rel": "next"
        },
        {
            "href": "https:\/\/10.0.0.11:8010\/rest\/v1\/enumerations?filters=TableName==CMF&amp;enumerationlist=GuiIndicator&amp;page=2&amp;limit=10",
            "rel": "last"
        }
    ],
    "message": "More records Found for the input criteria, Parent resource totalCount exist : 17. "
}