{
	"code": 0,
	"response": [{
		"enumerationName": "AccountCategory",
		"enumerationData": [{
			"keyData": [{
				"fieldName": "AccountCategory",
				"fieldValue": "1"
			}],
			"valueData": [{
				"fieldName": "DisplayValue",
				"fieldValue": "Business"
			},
			{
				"fieldName": "IsBusiness",
				"fieldValue": "1"
			},
			{
				"fieldName": "IsDefault",
				"fieldValue": "false"
			},
			{
				"fieldName": "IsPrepaid",
				"fieldValue": "0"
			}]
		},
		{
			"keyData": [{
				"fieldName": "AccountCategory",
				"fieldValue": "2"
			}],
			"valueData": [{
				"fieldName": "DisplayValue",
				"fieldValue": "Residential"
			},
			{
				"fieldName": "IsBusiness",
				"fieldValue": "0"
			},
			{
				"fieldName": "IsDefault",
				"fieldValue": "true"
			},
			{
				"fieldName": "IsPrepaid",
				"fieldValue": "0"
			}]
		},
		{
			"keyData": [{
				"fieldName": "AccountCategory",
				"fieldValue": "3"
			}],
			"valueData": [{
				"fieldName": "DisplayValue",
				"fieldValue": "Prepaid"
			},
			{
				"fieldName": "IsBusiness",
				"fieldValue": "0"
			},
			{
				"fieldName": "IsDefault",
				"fieldValue": "false"
			},
			{
				"fieldName": "IsPrepaid",
				"fieldValue": "1"
			}]
		}]
	}],
	"totalCount": 3
}