{
    "$schema": "http://json-schema.org/draft-06/schema#",
    "definitions": {
        "ViewTypNavItem": {
            "title": "ViewTypNavItem",
            "type": "object",
            "properties": {
                "title": {
                    "$ref": "/common#/definitions/MessageFormatterParams"
                },
                "demoSection": {
                    "type": "string"
                }
            },
            "required": [
                "demoSection",
                "title"
            ],
            "additionalProperties": false
        },
        "DemoSideBarViewConfiguration": {
            "title": "DemoSideBarViewConfiguration",
            "type": "object",
            "properties": {
                "defaultDemoSection": {
                    "$ref": "/common#/definitions/WidgetInstanceParams"
                },
                "navItems": {
                    "type": "array",
                    "items": {
                        "$ref": "#/definitions/ViewTypNavItem"
                    }
                }
            },
            "required": [
                "defaultDemoSection",
                "navItems"
            ],
            "additionalProperties": false
        }
    },
    "type": "object",
    "properties": {
        "viewConfiguration": {
            "$ref": "#/definitions/DemoSideBarViewConfiguration"
        }
    },
    "required": [
        "viewConfiguration"
    ]
}