{
    "ConfigurableUI.DemoPage.SideBar.OHelp": "OHelp",
    "ConfigurableUI.DemoPage.SideBar.OLayout": "OLayout",
    "ConfigurableUI.DemoPage.SideBar.OPager": "OPager",
    "ConfigurableUI.DemoPage.SideBar.OButton": "OButton",
    "ConfigurableUI.DemoPage.SideBar.OFilter": "OFilter",
    "ConfigurableUI.DemoPage.SideBar.OWizard": "OWizard",
    "ConfigurableUI.DemoPage.SideBar.OModal": "OModal",
    "ConfigurableUI.DemoPage.SideBar.OAccordion": "OAccordion",
    "ConfigurableUI.DemoPage.SideBar.OMasterDetails": "OMasterDetails"
}