{
    "$schema": "http://json-schema.org/draft-06/schema#",
    "definitions": {
        "DynamicContent": {
            "title": "DynamicContent",
            "type": "object",
            "properties": {
                "row": {
                    "type": "number"
                },
                "col": {
                    "type": "number"
                }
            },
            "required": [
                "col",
                "row"
            ],
            "additionalProperties": false
        },
        "DemoPageViewConfiguration": {
            "title": "DemoPageViewConfiguration",
            "type": "object",
            "properties": {
                "dynamicContent": {
                    "$ref": "#/definitions/DynamicContent"
                },
                "layoutConfiguration": {
                    "$ref": "/common#/definitions/OLayoutViewConfiguration"
                }
            },
            "required": [
                "dynamicContent",
                "layoutConfiguration"
            ],
            "additionalProperties": false
        },
        "DemoPageDataSource": {
            "title": "DemoPageDataSource",
            "type": "object",
            "properties": {
                "activeDemoSection": {
                    "type": [
                        "string",
                        "null"
                    ]
                }
            },
            "additionalProperties": false
        }
    },
    "type": "object",
    "properties": {
        "viewConfiguration": {
            "$ref": "#/definitions/DemoPageViewConfiguration"
        },
        "dataSource": {
            "$ref": "#/definitions/DemoPageDataSource"
        }
    },
    "required": [
        "viewConfiguration"
    ]
}