{
    "$schema": "http://json-schema.org/draft-06/schema#",
    "definitions": {
        "DemoSectionViewConfiguration": {
            "title": "DemoSectionViewConfiguration",
            "type": "object",
            "properties": {
                "viewTypeName": {
                    "$ref": "/common#/definitions/MessageFormatterParams"
                },
                "longDescription": {
                    "$ref": "/common#/definitions/MessageFormatterParams"
                },
                "shortDescription": {
                    "$ref": "/common#/definitions/MessageFormatterParams"
                },
                "liveExamples": {
                    "type": "array",
                    "items": {
                        "$ref": "#/definitions/LiveExample"
                    }
                },
                "readme": {
                    "type": "string"
                }
            },
            "required": [
                "readme"
            ],
            "additionalProperties": false
        },
        "LiveExample": {
            "title": "LiveExample",
            "type": "object",
            "properties": {
                "title": {
                    "$ref": "/common#/definitions/MessageFormatterParams"
                },
                "description": {
                    "$ref": "/common#/definitions/MessageFormatterParams"
                },
                "content": {
                    "$ref": "/common#/definitions/WidgetInstanceParams"
                }
            },
            "required": [
                "content"
            ],
            "additionalProperties": false
        }
    },
    "type": "object",
    "properties": {
        "viewConfiguration": {
            "$ref": "#/definitions/DemoSectionViewConfiguration"
        }
    },
    "required": [
        "viewConfiguration"
    ]
}